Company Name,URL,Twitter,Headquarters,Sub Category,Landscape name,Category,Domain
Adobe,http://www.adobe.com/,@Adobe,"Seattle, WA",Platform/Suite,Backbone Platforms,MarTech - Backbone Platforms - Platform/Suite,http://www.adobe.com/
Teradata,http://www.teradata.com/,@Teradata,"Dayton, OH",Platform/Suite,Backbone Platforms,MarTech - Backbone Platforms - Platform/Suite,http://www.teradata.com/
hubspot,http://www.hubspot.com/,@HubSpot,"Cambridge, MA",Platform/Suite,Backbone Platforms,MarTech - Backbone Platforms - Platform/Suite,http://www.hubspot.com/
IBM,http://www.ibm.com/us/en/,@IBM,"Armonk, NY",Platform/Suite,Backbone Platforms,MarTech - Backbone Platforms - Platform/Suite,http://www.ibm.com/us/en/
SDL,http://www.sdl.com/,@SDL,"London, UK",Platform/Suite,Backbone Platforms,MarTech - Backbone Platforms - Platform/Suite,http://www.sdl.com/
Oracle,http://www.oracle.com/index.html,@Oracle,"Redwood Shores, CA",Platform/Suite,Backbone Platforms,MarTech - Backbone Platforms - Platform/Suite,http://www.oracle.com/index.html
infor,http://www.infor.com/,@Infor,"New York, NY",Platform/Suite,Backbone Platforms,MarTech - Backbone Platforms - Platform/Suite,http://www.infor.com/
outmarket,https://www.outmarket.com/,@outmarket,"Washington, DC",Platform/Suite,Backbone Platforms,MarTech - Backbone Platforms - Platform/Suite,https://www.outmarket.com/
salesforce,http://www.salesforce.com/,@salesforce,"San Francisco, CA",Platform/Suite,Backbone Platforms,MarTech - Backbone Platforms - Platform/Suite,http://www.salesforce.com/
SAP,http://go.sap.com/index.html,@SAP,"Walldorf, GER",Platform/Suite,Backbone Platforms,MarTech - Backbone Platforms - Platform/Suite,http://go.sap.com/index.html
HP,http://www.hp.com/,@hpnews,"Palo Alto, CA",Platform/Suite,Backbone Platforms,MarTech - Backbone Platforms - Platform/Suite,http://www.hp.com/
Act on,https://www.act-on.com/,@ActOnSoftware,"Beaverton, OR",Platform/Suite,Backbone Platforms,MarTech - Backbone Platforms - Platform/Suite,https://www.act-on.com/
sitecore,https://www.sitecore.net/,@Sitecore,"San Francisco, CA",Platform/Suite,Backbone Platforms,MarTech - Backbone Platforms - Platform/Suite,https://www.sitecore.net/
Marketo,http://www.marketo.com/,@marketo,"San Mateo, CA",Platform/Suite,Backbone Platforms,MarTech - Backbone Platforms - Platform/Suite,http://www.marketo.com/
infusionsoft,http://www.infusionsoft.com/,@Infusionsoft,"Chandler, AZ",Platform/Suite,Backbone Platforms,MarTech - Backbone Platforms - Platform/Suite,http://www.infusionsoft.com/
Microsoft,http://www.microsoft.com/, @Microsoft,"Redmond, WA",Platform/Suite,Backbone Platforms,MarTech - Backbone Platforms - Platform/Suite,http://www.microsoft.com/
selligy,https://selligy.com/,@selligy,"San Carlos, CA",CRM,Backbone Platforms,MarTech - Backbone Platforms - CRM,https://selligy.com/
apto,http://www.aptotude.com/,@Aptotude,"Houston, TX",CRM,Backbone Platforms,MarTech - Backbone Platforms - CRM,http://www.aptotude.com/
vtiger,https://www.vtiger.com/,@vtigercrm,"Sunnyvale, CA",CRM,Backbone Platforms,MarTech - Backbone Platforms - CRM,https://www.vtiger.com/
nutshell,https://www.nutshell.com/,@nutshell,"Ann Arbor, MI",CRM,Backbone Platforms,MarTech - Backbone Platforms - CRM,https://www.nutshell.com/
infoflo,http://www.carmelvision.com/,@InfoFloSoftware,"Toronto, CAN",CRM,Backbone Platforms,MarTech - Backbone Platforms - CRM,http://www.carmelvision.com/
zoho,https://www.zoho.com/,@zoho,"Chennai, IND",CRM,Backbone Platforms,MarTech - Backbone Platforms - CRM,https://www.zoho.com/
netsuite,http://www.netsuite.com/,@NetSuite,"San Mateo, CA",CRM,Backbone Platforms,MarTech - Backbone Platforms - CRM,http://www.netsuite.com/
nimble,http://www.nimble.com/,@Nimble,CA ,CRM,Backbone Platforms,MarTech - Backbone Platforms - CRM,http://www.nimble.com/
salesformics,http://salesformics.com/,@Salesformics,"Portsmouth, UK",CRM,Backbone Platforms,MarTech - Backbone Platforms - CRM,http://salesformics.com/
method CRM,https://www.method.me/classic/,@MethodCRM,"Toronto, CAN",CRM,Backbone Platforms,MarTech - Backbone Platforms - CRM,https://www.method.me/classic/
update CRM,http://www.update.com/,@updateCRM,"Vienna, AUT",CRM,Backbone Platforms,MarTech - Backbone Platforms - CRM,http://www.update.com/
insightly,https://www.insightly.com/,@insightlyapp,"San Francisco, CA",CRM,Backbone Platforms,MarTech - Backbone Platforms - CRM,https://www.insightly.com/
talisma,http://www.talisma.com/,@talisma,"Karnataka, IND",CRM,Backbone Platforms,MarTech - Backbone Platforms - CRM,http://www.talisma.com/
sugarCRM,http://www.sugarcrm.com/,@sugarcrm,"Cupertino, CA",CRM,Backbone Platforms,MarTech - Backbone Platforms - CRM,http://www.sugarcrm.com/
x2CRM,http://www.x2engine.com/,@x2engine,"Santa Cruz, CA",CRM,Backbone Platforms,MarTech - Backbone Platforms - CRM,http://www.x2engine.com/
workwise,http://www.workwisellc.com/,@WorkWiseERP,"Milwakee, WI",CRM,Backbone Platforms,MarTech - Backbone Platforms - CRM,http://www.workwisellc.com/
clear C2,http://www.clearc2.com/,@C2CRM,"Coppell, TX",CRM,Backbone Platforms,MarTech - Backbone Platforms - CRM,http://www.clearc2.com/
intouch,http://www.intouchcrm.com/,@intouchcrm,"North Somerset, UK",CRM,Backbone Platforms,MarTech - Backbone Platforms - CRM,http://www.intouchcrm.com/
claritysoft,http://www.claritysoft.com/,@Claritysoft,Unknown,CRM,Backbone Platforms,MarTech - Backbone Platforms - CRM,http://www.claritysoft.com/
sellsy,https://sellsy.com/,@sellsy_app,"La Rochelle, FRA",CRM,Backbone Platforms,MarTech - Backbone Platforms - CRM,https://sellsy.com/
karma CRM,http://www.karmacrm.com/,@karmaCRM,"Ann Arbor, MI",CRM,Backbone Platforms,MarTech - Backbone Platforms - CRM,http://www.karmacrm.com/
swiftpage,http://www.swiftpage.com/,@Swiftpage,"Denver, CO",CRM,Backbone Platforms,MarTech - Backbone Platforms - CRM,http://www.swiftpage.com/
pega,http://www.pega.com/,@pega,"Cambridge, MA",CRM,Backbone Platforms,MarTech - Backbone Platforms - CRM,http://www.pega.com/
fullcircle crm,http://fullcirclecrm.com/,@fullcirclecrm,"San Mateo, CA",CRM,Backbone Platforms,MarTech - Backbone Platforms - CRM,http://fullcirclecrm.com/
civiCRM,https://civicrm.org/,@civicrm,"San Francisco, CA",CRM,Backbone Platforms,MarTech - Backbone Platforms - CRM,https://civicrm.org/
dimelo,http://www.dimelo.com/,@Dimelo,"Paris, FRA",CRM,Backbone Platforms,MarTech - Backbone Platforms - CRM,http://www.dimelo.com/
tango CRM,http://www.gettango.com/,@brandtango,"Fort Lauderdale, FL",CRM,Backbone Platforms,MarTech - Backbone Platforms - CRM,http://www.gettango.com/
streak,https://www.streak.com/,@Streak,"San Francisco, CA",CRM,Backbone Platforms,MarTech - Backbone Platforms - CRM,https://www.streak.com/
highrise,https://highrisehq.com/,@highrise,Unknown,CRM,Backbone Platforms,MarTech - Backbone Platforms - CRM,https://highrisehq.com/
steelwedge,http://www.steelwedge.com/,@steelwedge,"Pleasanton, CA",CRM,Backbone Platforms,MarTech - Backbone Platforms - CRM,http://www.steelwedge.com/
capillary,http://capillarytech.com/,@capillarytech,"Mountain View, CA",CRM,Backbone Platforms,MarTech - Backbone Platforms - CRM,http://capillarytech.com/
nexj,http://www.nexj.com/,@nexj,"Toronto, CAN",CRM,Backbone Platforms,MarTech - Backbone Platforms - CRM,http://www.nexj.com/
agileCRM,https://www.agilecrm.com/,@agilecrm,"Sunnyvale, CA",CRM,Backbone Platforms,MarTech - Backbone Platforms - CRM,https://www.agilecrm.com/
onepage CRM,http://www.onepagecrm.com/,@OnePageCRM,IRL,CRM,Backbone Platforms,MarTech - Backbone Platforms - CRM,http://www.onepagecrm.com/
batchbook,http://batchbook.com/,@batchbook,"Providence, RI",CRM,Backbone Platforms,MarTech - Backbone Platforms - CRM,http://batchbook.com/
lanternCRM,https://www.lanterncrm.com/,@LanternCRM,"Austin, TX",CRM,Backbone Platforms,MarTech - Backbone Platforms - CRM,https://www.lanterncrm.com/
salesJunction,http://www.salesjunction.com/,@SalesJunction,"Atlanta, GA",CRM,Backbone Platforms,MarTech - Backbone Platforms - CRM,http://www.salesjunction.com/
future simpe,https://www.futuresimple.com/,@futuresimpleinc,"Chicago, IL",CRM,Backbone Platforms,MarTech - Backbone Platforms - CRM,https://www.futuresimple.com/
SAGE,http://na.sage.com/us/promos/4,@SageNAmerica,Unknown,CRM,Backbone Platforms,MarTech - Backbone Platforms - CRM,http://na.sage.com/us/promos/4
salesnet,https://www.salesnet.com/,@Salesnet,"Atlanta, GA",CRM,Backbone Platforms,MarTech - Backbone Platforms - CRM,https://www.salesnet.com/
apptivo,http://www.apptivo.com/,@Apptivo,"Fremont, CA",CRM,Backbone Platforms,MarTech - Backbone Platforms - CRM,http://www.apptivo.com/
maximizer CRM,http://www.maximizer.com/,@MaximizerCRM,"Vancouver, CAN",CRM,Backbone Platforms,MarTech - Backbone Platforms - CRM,http://www.maximizer.com/
work etc,https://www.worketc.com/,@WORKetc,Unknown,CRM,Backbone Platforms,MarTech - Backbone Platforms - CRM,https://www.worketc.com/
zurmo,http://zurmo.org/,@ZurmoCRM,"Chicago, IL",CRM,Backbone Platforms,MarTech - Backbone Platforms - CRM,http://zurmo.org/
capsule,https://capsulecrm.com/,@CapsuleCRM,UK,CRM,Backbone Platforms,MarTech - Backbone Platforms - CRM,https://capsulecrm.com/
aptean,http://www.aptean.com/,@Aptean,"Atlanta, GA",CRM,Backbone Platforms,MarTech - Backbone Platforms - CRM,http://www.aptean.com/
logicbox,http://www.logicboxsoftware.com/,@LogicBoxInc,"Portland, OR",CRM,Backbone Platforms,MarTech - Backbone Platforms - CRM,http://www.logicboxsoftware.com/
leadlander,http://www.leadlander.com/,@LeadLander,"San Francisco, CA",Marketing Automation/Campaign & Lead Mgmt,Backbone Platforms,MarTech - Backbone Platforms - Marketing Automation/Campaign & Lead Mgmt,http://www.leadlander.com/
convertable,http://convertable.com/,@convertable,"Richmond, VA",Marketing Automation/Campaign & Lead Mgmt,Backbone Platforms,MarTech - Backbone Platforms - Marketing Automation/Campaign & Lead Mgmt,http://convertable.com/
inbox25,http://www.inbox25.com/,@INBOX25,"New York, NY",Marketing Automation/Campaign & Lead Mgmt,Backbone Platforms,MarTech - Backbone Platforms - Marketing Automation/Campaign & Lead Mgmt,http://www.inbox25.com/
adaptiv.io,http://www.adaptiv.io/,@adaptivio,"Newport Beach, CA",Marketing Automation/Campaign & Lead Mgmt,Backbone Platforms,MarTech - Backbone Platforms - Marketing Automation/Campaign & Lead Mgmt,http://www.adaptiv.io/
signpost,http://www.signpost.com/,@SignpostSMB,Unknown,Marketing Automation/Campaign & Lead Mgmt,Backbone Platforms,MarTech - Backbone Platforms - Marketing Automation/Campaign & Lead Mgmt,http://www.signpost.com/
convertr,http://www.convertrmedia.com/,@convertrmedia,"London, UK",Marketing Automation/Campaign & Lead Mgmt,Backbone Platforms,MarTech - Backbone Platforms - Marketing Automation/Campaign & Lead Mgmt,http://www.convertrmedia.com/
ad luge,http://www.adluge.com/,@AdLuge,"Toronto, CAN",Marketing Automation/Campaign & Lead Mgmt,Backbone Platforms,MarTech - Backbone Platforms - Marketing Automation/Campaign & Lead Mgmt,http://www.adluge.com/
ontraport,https://ontraport.com/,@ONTRAPORT,"Santa Babara, CA",Marketing Automation/Campaign & Lead Mgmt,Backbone Platforms,MarTech - Backbone Platforms - Marketing Automation/Campaign & Lead Mgmt,https://ontraport.com/
salesfusion,http://www.salesfusion.com/,@Salesfusion,"Altanta, GA",Marketing Automation/Campaign & Lead Mgmt,Backbone Platforms,MarTech - Backbone Platforms - Marketing Automation/Campaign & Lead Mgmt,http://www.salesfusion.com/
hatchbuck,http://www.hatchbuck.com/,@gethatchbuck,"St. Louis, MO",Marketing Automation/Campaign & Lead Mgmt,Backbone Platforms,MarTech - Backbone Platforms - Marketing Automation/Campaign & Lead Mgmt,http://www.hatchbuck.com/
mindfire,http://mindfireinc.com/,@MindFireInc,"Irvine, CA",Marketing Automation/Campaign & Lead Mgmt,Backbone Platforms,MarTech - Backbone Platforms - Marketing Automation/Campaign & Lead Mgmt,http://mindfireinc.com/
whatsnexx,http://whatsnexx.com/,@whatsnexx,"Montreal, CAN",Marketing Automation/Campaign & Lead Mgmt,Backbone Platforms,MarTech - Backbone Platforms - Marketing Automation/Campaign & Lead Mgmt,http://whatsnexx.com/
attentive.ly,https://attentive.ly/,@attentive_ly,"Washington, DC",Marketing Automation/Campaign & Lead Mgmt,Backbone Platforms,MarTech - Backbone Platforms - Marketing Automation/Campaign & Lead Mgmt,https://attentive.ly/
signal engage,http://www.signalengage.com/,@signalengage,"Chicago, IL",Marketing Automation/Campaign & Lead Mgmt,Backbone Platforms,MarTech - Backbone Platforms - Marketing Automation/Campaign & Lead Mgmt,http://www.signalengage.com/
autopilot,https://autopilothq.com/,@autopilotus,"San Francisco, CA",Marketing Automation/Campaign & Lead Mgmt,Backbone Platforms,MarTech - Backbone Platforms - Marketing Automation/Campaign & Lead Mgmt,https://autopilothq.com/
calliduscloud,http://calliduscloud.com/,@CallidusCloud,"Pleasanton, CA",Marketing Automation/Campaign & Lead Mgmt,Backbone Platforms,MarTech - Backbone Platforms - Marketing Automation/Campaign & Lead Mgmt,http://calliduscloud.com/
righton interactive,http://www.rightoninteractive.com/,@roi_marketing,"Indianapolis, IN",Marketing Automation/Campaign & Lead Mgmt,Backbone Platforms,MarTech - Backbone Platforms - Marketing Automation/Campaign & Lead Mgmt,http://www.rightoninteractive.com/
spectate,http://spectate.com/,@TeamSpectate,"Atlanta, GA",Marketing Automation/Campaign & Lead Mgmt,Backbone Platforms,MarTech - Backbone Platforms - Marketing Automation/Campaign & Lead Mgmt,http://spectate.com/
I presso,https://ipresso.pl/,@iPresso1,POL,Marketing Automation/Campaign & Lead Mgmt,Backbone Platforms,MarTech - Backbone Platforms - Marketing Automation/Campaign & Lead Mgmt,https://ipresso.pl/
Orbtr,https://orbtr.net,@WPORBTR,"Denver, CO",Marketing Automation/Campaign & Lead Mgmt,Backbone Platforms,MarTech - Backbone Platforms - Marketing Automation/Campaign & Lead Mgmt,https://orbtr.net
blueshift,http://getblueshift.com/,@blueshiftlabs,"San Francisco, CA",Marketing Automation/Campaign & Lead Mgmt,Backbone Platforms,MarTech - Backbone Platforms - Marketing Automation/Campaign & Lead Mgmt,http://getblueshift.com/
mineful,http://mineful.com/,@mineful,"Chicago, IL",Marketing Automation/Campaign & Lead Mgmt,Backbone Platforms,MarTech - Backbone Platforms - Marketing Automation/Campaign & Lead Mgmt,http://mineful.com/
contentserv,http://www.contentserv.com/,@CONTENTSERV,GER,Marketing Automation/Campaign & Lead Mgmt,Backbone Platforms,MarTech - Backbone Platforms - Marketing Automation/Campaign & Lead Mgmt,http://www.contentserv.com/
v12 group,http://www.v12groupinc.com/,@V12Group,"Red Bank, NJ",Marketing Automation/Campaign & Lead Mgmt,Backbone Platforms,MarTech - Backbone Platforms - Marketing Automation/Campaign & Lead Mgmt,http://www.v12groupinc.com/
jumplead,http://jumplead.com/,@JumpleadApp,Unknown,Marketing Automation/Campaign & Lead Mgmt,Backbone Platforms,MarTech - Backbone Platforms - Marketing Automation/Campaign & Lead Mgmt,http://jumplead.com/
etrigue,http://www.etrigue.com/,@etrigue,"San Jose, CA",Marketing Automation/Campaign & Lead Mgmt,Backbone Platforms,MarTech - Backbone Platforms - Marketing Automation/Campaign & Lead Mgmt,http://www.etrigue.com/
emarketeer,http://www.emarketeer.com/,@emarketeer,"Santa Cruz, CA",Marketing Automation/Campaign & Lead Mgmt,Backbone Platforms,MarTech - Backbone Platforms - Marketing Automation/Campaign & Lead Mgmt,http://www.emarketeer.com/
inboundio,http://www.inboundio.com/,@InBoundio,"San Francisco, CA",Marketing Automation/Campaign & Lead Mgmt,Backbone Platforms,MarTech - Backbone Platforms - Marketing Automation/Campaign & Lead Mgmt,http://www.inboundio.com/
prospecteer,http://www.prospecteer.com/,@Prospecteer,EU,Marketing Automation/Campaign & Lead Mgmt,Backbone Platforms,MarTech - Backbone Platforms - Marketing Automation/Campaign & Lead Mgmt,http://www.prospecteer.com/
vbout,https://www.vbout.com/,@vboutcom,"New York, NY",Marketing Automation/Campaign & Lead Mgmt,Backbone Platforms,MarTech - Backbone Platforms - Marketing Automation/Campaign & Lead Mgmt,https://www.vbout.com/
rezora,http://www.rezora.com/,@rezora,"Boulder, CO",Marketing Automation/Campaign & Lead Mgmt,Backbone Platforms,MarTech - Backbone Platforms - Marketing Automation/Campaign & Lead Mgmt,http://www.rezora.com/
strongview,http://www.strongview.com/,@StrongView,"San Francisco, CA",Marketing Automation/Campaign & Lead Mgmt,Backbone Platforms,MarTech - Backbone Platforms - Marketing Automation/Campaign & Lead Mgmt,http://www.strongview.com/
leadsius,http://www.leadsius.com/,@Leadsius,"Stockholm, SWE",Marketing Automation/Campaign & Lead Mgmt,Backbone Platforms,MarTech - Backbone Platforms - Marketing Automation/Campaign & Lead Mgmt,http://www.leadsius.com/
integrate,https://www.integrate.com/,@integrate,"Scottsdale, AZ",Marketing Automation/Campaign & Lead Mgmt,Backbone Platforms,MarTech - Backbone Platforms - Marketing Automation/Campaign & Lead Mgmt,https://www.integrate.com/
emarsys,http://www.emarsys.com/en/,@Emarsys,"London, UK",Marketing Automation/Campaign & Lead Mgmt,Backbone Platforms,MarTech - Backbone Platforms - Marketing Automation/Campaign & Lead Mgmt,http://www.emarsys.com/en/
mobileROI,http://www.mobileroi.com/,@MobileROI,"New York, NY",Marketing Automation/Campaign & Lead Mgmt,Backbone Platforms,MarTech - Backbone Platforms - Marketing Automation/Campaign & Lead Mgmt,http://www.mobileroi.com/
zeta,http://www.zetainteractive.com/,@ZetaInteractive,"New York, NY",Marketing Automation/Campaign & Lead Mgmt,Backbone Platforms,MarTech - Backbone Platforms - Marketing Automation/Campaign & Lead Mgmt,http://www.zetainteractive.com/
intercom,https://www.intercom.io/,@intercom,"San Francisco, CA",Marketing Automation/Campaign & Lead Mgmt,Backbone Platforms,MarTech - Backbone Platforms - Marketing Automation/Campaign & Lead Mgmt,https://www.intercom.io/
rightwave,http://www.rightwave.com/rwi/index.html,@RightWaveInc,Cali,Marketing Automation/Campaign & Lead Mgmt,Backbone Platforms,MarTech - Backbone Platforms - Marketing Automation/Campaign & Lead Mgmt,http://www.rightwave.com/rwi/index.html
interakt,http://interakt.co/,@InteraktApp,"Gurgaon, IND",Marketing Automation/Campaign & Lead Mgmt,Backbone Platforms,MarTech - Backbone Platforms - Marketing Automation/Campaign & Lead Mgmt,http://interakt.co/
venntive,http://venntive.com/,@Venntive,"San Francisco, CA",Marketing Automation/Campaign & Lead Mgmt,Backbone Platforms,MarTech - Backbone Platforms - Marketing Automation/Campaign & Lead Mgmt,http://venntive.com/
b-kin,http://www.b-kin.com/en/,@Bkin,"Bilbao, SPA",Marketing Automation/Campaign & Lead Mgmt,Backbone Platforms,MarTech - Backbone Platforms - Marketing Automation/Campaign & Lead Mgmt,http://www.b-kin.com/en/
automatr,http://automatr.com/,@VolacciAutomatr,"Austin, TX",Marketing Automation/Campaign & Lead Mgmt,Backbone Platforms,MarTech - Backbone Platforms - Marketing Automation/Campaign & Lead Mgmt,http://automatr.com/
spokal,http://www.getspokal.com/,@getspokal,"Vancouver, CAN",Marketing Automation/Campaign & Lead Mgmt,Backbone Platforms,MarTech - Backbone Platforms - Marketing Automation/Campaign & Lead Mgmt,http://www.getspokal.com/
resulticks,http://www.resulticks.com/,@Resulticks,"San Francisco, CA",Marketing Automation/Campaign & Lead Mgmt,Backbone Platforms,MarTech - Backbone Platforms - Marketing Automation/Campaign & Lead Mgmt,http://www.resulticks.com/
quickpivot,http://www.quickpivot.com/,@QuickPivot,"Boston, MA",Marketing Automation/Campaign & Lead Mgmt,Backbone Platforms,MarTech - Backbone Platforms - Marketing Automation/Campaign & Lead Mgmt,http://www.quickpivot.com/
plumb5,http://www.plumb5.com/,@plumb_five,"Bangalore, IND",Marketing Automation/Campaign & Lead Mgmt,Backbone Platforms,MarTech - Backbone Platforms - Marketing Automation/Campaign & Lead Mgmt,http://www.plumb5.com/
skymosity,http://www.skymosity.com/,@skymosity,"San Rafael, CA",Marketing Automation/Campaign & Lead Mgmt,Backbone Platforms,MarTech - Backbone Platforms - Marketing Automation/Campaign & Lead Mgmt,http://www.skymosity.com/
leadsberry,http://www.leadsberry.com/,@Leadsberry,"Las Vegas, NV",Marketing Automation/Campaign & Lead Mgmt,Backbone Platforms,MarTech - Backbone Platforms - Marketing Automation/Campaign & Lead Mgmt,http://www.leadsberry.com/
target360,http://www.target360.com/,@target360,UK,Marketing Automation/Campaign & Lead Mgmt,Backbone Platforms,MarTech - Backbone Platforms - Marketing Automation/Campaign & Lead Mgmt,http://www.target360.com/
clickdimensions,http://www.clickdimensions.com/,@ClickDimensions,"Atlanta, GA",Marketing Automation/Campaign & Lead Mgmt,Backbone Platforms,MarTech - Backbone Platforms - Marketing Automation/Campaign & Lead Mgmt,http://www.clickdimensions.com/
makesbridge,http://www.makesbridge.com/,@makesbridge,"Saratoga, CA",Marketing Automation/Campaign & Lead Mgmt,Backbone Platforms,MarTech - Backbone Platforms - Marketing Automation/Campaign & Lead Mgmt,http://www.makesbridge.com/
leadsquared,http://www.leadsquared.com/,@LeadSquared,"Bangalore, IND",Marketing Automation/Campaign & Lead Mgmt,Backbone Platforms,MarTech - Backbone Platforms - Marketing Automation/Campaign & Lead Mgmt,http://www.leadsquared.com/
selligent,https://www.selligent.com/,@selligent,"Brussels, BEL",Marketing Automation/Campaign & Lead Mgmt,Backbone Platforms,MarTech - Backbone Platforms - Marketing Automation/Campaign & Lead Mgmt,https://www.selligent.com/
sharpSpring,http://www.sharpspring.com/,@sharpspring,"Gainesville,FL",Marketing Automation/Campaign & Lead Mgmt,Backbone Platforms,MarTech - Backbone Platforms - Marketing Automation/Campaign & Lead Mgmt,http://www.sharpspring.com/
net results,http://www.net-results.com/,@NetResults,"Golden, CO",Marketing Automation/Campaign & Lead Mgmt,Backbone Platforms,MarTech - Backbone Platforms - Marketing Automation/Campaign & Lead Mgmt,http://www.net-results.com/
envoke,https://envoke.com/,@EnvokeMktg,"Toronto, CAN",Marketing Automation/Campaign & Lead Mgmt,Backbone Platforms,MarTech - Backbone Platforms - Marketing Automation/Campaign & Lead Mgmt,https://envoke.com/
leadliason,http://www.leadliaison.com/,@leadliaison,US,Marketing Automation/Campaign & Lead Mgmt,Backbone Platforms,MarTech - Backbone Platforms - Marketing Automation/Campaign & Lead Mgmt,http://www.leadliaison.com/
sales engine,http://www.salesenginemedia.com/,@SalesEngine_Int,"Austin, TX",Marketing Automation/Campaign & Lead Mgmt,Backbone Platforms,MarTech - Backbone Platforms - Marketing Automation/Campaign & Lead Mgmt,http://www.salesenginemedia.com/
7sheep,https://www.7sheep.net/,@7sheepnet,"Vienna, AUT",Marketing Automation/Campaign & Lead Mgmt,Backbone Platforms,MarTech - Backbone Platforms - Marketing Automation/Campaign & Lead Mgmt,https://www.7sheep.net/
mdc dot,http://mdcdot.com/,@mdcdot,"Waxahachie, TX",Marketing Automation/Campaign & Lead Mgmt,Backbone Platforms,MarTech - Backbone Platforms - Marketing Automation/Campaign & Lead Mgmt,http://mdcdot.com/
lead life,http://leadlife.com/,@LeadLife,"Atlanta, GA",Marketing Automation/Campaign & Lead Mgmt,Backbone Platforms,MarTech - Backbone Platforms - Marketing Automation/Campaign & Lead Mgmt,http://leadlife.com/
contactability,https://www.contactability.com/,@_contactability,"Columbus, OH",Marketing Automation/Campaign & Lead Mgmt,Backbone Platforms,MarTech - Backbone Platforms - Marketing Automation/Campaign & Lead Mgmt,https://www.contactability.com/
boingnet,http://www.boingnet.com/,@boingnet,"Rockland, MA",Marketing Automation/Campaign & Lead Mgmt,Backbone Platforms,MarTech - Backbone Platforms - Marketing Automation/Campaign & Lead Mgmt,http://www.boingnet.com/
fanbridge,https://www.fanbridge.com/,@FanBridge,"New York, NY",Marketing Automation/Campaign & Lead Mgmt,Backbone Platforms,MarTech - Backbone Platforms - Marketing Automation/Campaign & Lead Mgmt,https://www.fanbridge.com/
campaignchain,http://www.campaignchain.com/,@campaignchain,Unknown,Marketing Automation/Campaign & Lead Mgmt,Backbone Platforms,MarTech - Backbone Platforms - Marketing Automation/Campaign & Lead Mgmt,http://www.campaignchain.com/
greenrope,http://www.greenrope.com/,@GreenRope,"San Diego, CA",Marketing Automation/Campaign & Lead Mgmt,Backbone Platforms,MarTech - Backbone Platforms - Marketing Automation/Campaign & Lead Mgmt,http://www.greenrope.com/
edatis,http://edatis.com/en/,@edatis,"Paris, FRA",Marketing Automation/Campaign & Lead Mgmt,Backbone Platforms,MarTech - Backbone Platforms - Marketing Automation/Campaign & Lead Mgmt,http://edatis.com/en/
simplycast,http://www.simplycast.com/,@simplycast,"Dartmouth, CAN",Marketing Automation/Campaign & Lead Mgmt,Backbone Platforms,MarTech - Backbone Platforms - Marketing Automation/Campaign & Lead Mgmt,http://www.simplycast.com/
activecampaign,http://www.activecampaign.com/,@ActiveCampaign,"Chicago, IL",Marketing Automation/Campaign & Lead Mgmt,Backbone Platforms,MarTech - Backbone Platforms - Marketing Automation/Campaign & Lead Mgmt,http://www.activecampaign.com/
campaigndock,http://campaigndock.com/en/,@campaigndock,"Ghent, BEL",Marketing Automation/Campaign & Lead Mgmt,Backbone Platforms,MarTech - Backbone Platforms - Marketing Automation/Campaign & Lead Mgmt,http://campaigndock.com/en/
miodatos,http://www.miodatos.com/,@MioDatos,"San Diego, CA",Marketing Automation/Campaign & Lead Mgmt,Backbone Platforms,MarTech - Backbone Platforms - Marketing Automation/Campaign & Lead Mgmt,http://www.miodatos.com/
everlytic,http://www.everlytic.com/,@Everlytic,"Johannesburg, SAF",Marketing Automation/Campaign & Lead Mgmt,Backbone Platforms,MarTech - Backbone Platforms - Marketing Automation/Campaign & Lead Mgmt,http://www.everlytic.com/
acquia,https://www.acquia.com/,@acquia,"Boston, MA",Web Content/Experience Management,Backbone Platforms,MarTech - Backbone Platforms - Web Content/Experience Management,https://www.acquia.com/
episerver,http://www.episerver.com/,@episerver,"Stockholm, SWE",Web Content/Experience Management,Backbone Platforms,MarTech - Backbone Platforms - Web Content/Experience Management,http://www.episerver.com/
radiant,http://radiantcms.org/,@radiantcms,Unknown,Web Content/Experience Management,Backbone Platforms,MarTech - Backbone Platforms - Web Content/Experience Management,http://radiantcms.org/
dynamicweb,http://www.dynamicwebusa.com/,@DynamicwebNA,"Los Angeles, CA",Web Content/Experience Management,Backbone Platforms,MarTech - Backbone Platforms - Web Content/Experience Management,http://www.dynamicwebusa.com/
weebly,http://www.weebly.com/,@weebly,"San Francisco, CA",Web Content/Experience Management,Backbone Platforms,MarTech - Backbone Platforms - Web Content/Experience Management,http://www.weebly.com/
devhub,http://www.devhub.com/,@DevHub,Unknown,Web Content/Experience Management,Backbone Platforms,MarTech - Backbone Platforms - Web Content/Experience Management,http://www.devhub.com/
dnn,http://www.dnnsoftware.com/,@DNNCorp,"Mountain View, CA",Web Content/Experience Management,Backbone Platforms,MarTech - Backbone Platforms - Web Content/Experience Management,http://www.dnnsoftware.com/
opentext,http://www.opentext.com/,@OpenText,"Waterloo, CAN",Web Content/Experience Management,Backbone Platforms,MarTech - Backbone Platforms - Web Content/Experience Management,http://www.opentext.com/
wordpress,https://wordpress.com/,@WordPress,"San Francisco, CA",Web Content/Experience Management,Backbone Platforms,MarTech - Backbone Platforms - Web Content/Experience Management,https://wordpress.com/
atex,http://www.atex.com/,@atexglobal,"Reading, UK",Web Content/Experience Management,Backbone Platforms,MarTech - Backbone Platforms - Web Content/Experience Management,http://www.atex.com/
joomla!,http://www.joomla.org/,@joomla,Unknown,Web Content/Experience Management,Backbone Platforms,MarTech - Backbone Platforms - Web Content/Experience Management,http://www.joomla.org/
usablenet,http://usablenet.com/,@Usablenet,"New York, NY",Web Content/Experience Management,Backbone Platforms,MarTech - Backbone Platforms - Web Content/Experience Management,http://usablenet.com/
webnodes,http://us.webnode.com/,@webnode,"Brno, CZR",Web Content/Experience Management,Backbone Platforms,MarTech - Backbone Platforms - Web Content/Experience Management,http://us.webnode.com/
telerik,http://www.telerik.com/,@Telerik,"Palo Alto, CA",Web Content/Experience Management,Backbone Platforms,MarTech - Backbone Platforms - Web Content/Experience Management,http://www.telerik.com/
e-spirit,http://www.e-spirit.com/us/,@eSpiritNA,"Boston, MA",Web Content/Experience Management,Backbone Platforms,MarTech - Backbone Platforms - Web Content/Experience Management,http://www.e-spirit.com/us/
openCms,http://www.opencms.org/en/,@OpenCms,Unknown,Web Content/Experience Management,Backbone Platforms,MarTech - Backbone Platforms - Web Content/Experience Management,http://www.opencms.org/en/
liferay,http://www.liferay.com/,@Liferay,"Los Angeles, CA",Web Content/Experience Management,Backbone Platforms,MarTech - Backbone Platforms - Web Content/Experience Management,http://www.liferay.com/
coremedia,http://www.coremedia.com/,@CoreMedia_News,"Hamburg, GER",Web Content/Experience Management,Backbone Platforms,MarTech - Backbone Platforms - Web Content/Experience Management,http://www.coremedia.com/
mofuse,http://mofuse.com/,@mofuse,"Warwick,RI",Web Content/Experience Management,Backbone Platforms,MarTech - Backbone Platforms - Web Content/Experience Management,http://mofuse.com/
bluetrain.io,http://www.bluetrain.io/,@bluetrain_io,"Cambridge, MA",Web Content/Experience Management,Backbone Platforms,MarTech - Backbone Platforms - Web Content/Experience Management,http://www.bluetrain.io/
censhare,http://www.censhare.com/en,@censhare_News,"Munich, GER",Web Content/Experience Management,Backbone Platforms,MarTech - Backbone Platforms - Web Content/Experience Management,http://www.censhare.com/en
modx,http://modx.com/,@modx,"Dallas, TX",Web Content/Experience Management,Backbone Platforms,MarTech - Backbone Platforms - Web Content/Experience Management,http://modx.com/
Magnolia,http://www.magnolia-cms.com/,@magnolia_cms,"Basel, SWZ",Web Content/Experience Management,Backbone Platforms,MarTech - Backbone Platforms - Web Content/Experience Management,http://www.magnolia-cms.com/
pantheon,https://www.getpantheon.com/,@getpantheon,"San Francisco, CA",Web Content/Experience Management,Backbone Platforms,MarTech - Backbone Platforms - Web Content/Experience Management,https://www.getpantheon.com/
marqui,http://www.marqui.com/,@Marqui_CMS,"Vancouver, CAN",Web Content/Experience Management,Backbone Platforms,MarTech - Backbone Platforms - Web Content/Experience Management,http://www.marqui.com/
zesty.io,https://zesty.io/,@gozesty,"San Diego, CA",Web Content/Experience Management,Backbone Platforms,MarTech - Backbone Platforms - Web Content/Experience Management,https://zesty.io/
yext,http://www.yext.com/,@yext,"New York, NY",Web Content/Experience Management,Backbone Platforms,MarTech - Backbone Platforms - Web Content/Experience Management,http://www.yext.com/
strikingly,https://www.strikingly.com/,@strikingly,"San Francisco, CA",Web Content/Experience Management,Backbone Platforms,MarTech - Backbone Platforms - Web Content/Experience Management,https://www.strikingly.com/
GX Software,https://www.gxsoftware.com/home-en.htm,@gxsoftware,"Boston, MA",Web Content/Experience Management,Backbone Platforms,MarTech - Backbone Platforms - Web Content/Experience Management,https://www.gxsoftware.com/home-en.htm
pixelsilk,http://www.pixelsilk.com/,@Pixelsilk,"Bend, OR",Web Content/Experience Management,Backbone Platforms,MarTech - Backbone Platforms - Web Content/Experience Management,http://www.pixelsilk.com/
hippo,http://www.onehippo.com/en,@OneHippo,"Boston, MA",Web Content/Experience Management,Backbone Platforms,MarTech - Backbone Platforms - Web Content/Experience Management,http://www.onehippo.com/en
crafter,http://craftersoftware.com/,@craftersoftware,"Reston, VA",Web Content/Experience Management,Backbone Platforms,MarTech - Backbone Platforms - Web Content/Experience Management,http://craftersoftware.com/
moonfruit,http://www.moonfruit.com/,@moonfruit,"London, UK",Web Content/Experience Management,Backbone Platforms,MarTech - Backbone Platforms - Web Content/Experience Management,http://www.moonfruit.com/
cascadeserver,http://www.hannonhill.com/products/,@hannon_hill,"Atlanta, GA",Web Content/Experience Management,Backbone Platforms,MarTech - Backbone Platforms - Web Content/Experience Management,http://www.hannonhill.com/products/
elcom,http://www.elcom.com/,@elcomCMS,Unknown,Web Content/Experience Management,Backbone Platforms,MarTech - Backbone Platforms - Web Content/Experience Management,http://www.elcom.com/
wix,http://www.wix.com/,@Wix,"Tel Aviv, IRS",Web Content/Experience Management,Backbone Platforms,MarTech - Backbone Platforms - Web Content/Experience Management,http://www.wix.com/
ektron,http://www.ektron.com/,@Ektron,"Nashua, NH",Web Content/Experience Management,Backbone Platforms,MarTech - Backbone Platforms - Web Content/Experience Management,http://www.ektron.com/
drupal,https://www.drupal.org/,@drupal,Unknown,Web Content/Experience Management,Backbone Platforms,MarTech - Backbone Platforms - Web Content/Experience Management,https://www.drupal.org/
directus,http://getdirectus.com/,@directus,"New York, NY",Web Content/Experience Management,Backbone Platforms,MarTech - Backbone Platforms - Web Content/Experience Management,http://getdirectus.com/
processwire,https://processwire.com/,@processwire,"Atlanta, GA",Web Content/Experience Management,Backbone Platforms,MarTech - Backbone Platforms - Web Content/Experience Management,https://processwire.com/
symphony,http://www.getsymphony.com/,None ,Unknown,Web Content/Experience Management,Backbone Platforms,MarTech - Backbone Platforms - Web Content/Experience Management,http://www.getsymphony.com/
umbraco,http://umbraco.com/,@umbracoproject,DEN ,Web Content/Experience Management,Backbone Platforms,MarTech - Backbone Platforms - Web Content/Experience Management,http://umbraco.com/
ellislab,https://ellislab.com/,@EllisLab,"Beaverton, OR",Web Content/Experience Management,Backbone Platforms,MarTech - Backbone Platforms - Web Content/Experience Management,https://ellislab.com/
dotCMS,http://dotcms.com/,@dotcms,"Miami, FL",Web Content/Experience Management,Backbone Platforms,MarTech - Backbone Platforms - Web Content/Experience Management,http://dotcms.com/
plone,https://plone.org/,@plone,Unknown,Web Content/Experience Management,Backbone Platforms,MarTech - Backbone Platforms - Web Content/Experience Management,https://plone.org/
agility,http://agilitycms.com/,@AgilityCMS,"Toronto, CAN",Web Content/Experience Management,Backbone Platforms,MarTech - Backbone Platforms - Web Content/Experience Management,http://agilitycms.com/
limelight,http://www.limelight.com/,@llnw,"Tempe, AZ",Web Content/Experience Management,Backbone Platforms,MarTech - Backbone Platforms - Web Content/Experience Management,http://www.limelight.com/
alfresco,http://www.alfresco.com/,@Alfresco,"Maidenhead, UK",Web Content/Experience Management,Backbone Platforms,MarTech - Backbone Platforms - Web Content/Experience Management,http://www.alfresco.com/
ingeniux,http://www.ingeniux.com/,@ingeniux,"Seattle, WA",Web Content/Experience Management,Backbone Platforms,MarTech - Backbone Platforms - Web Content/Experience Management,http://www.ingeniux.com/
squarespace,http://www.squarespace.com/,@Squarespace,"New York, NY",Web Content/Experience Management,Backbone Platforms,MarTech - Backbone Platforms - Web Content/Experience Management,http://www.squarespace.com/
boomity,http://www.boomity.com/home,@Boomity,"San Francisco, CA",Web Content/Experience Management,Backbone Platforms,MarTech - Backbone Platforms - Web Content/Experience Management,http://www.boomity.com/home
percussion ,https://www.percussion.com/,@percussion,"Boston, MA",Web Content/Experience Management,Backbone Platforms,MarTech - Backbone Platforms - Web Content/Experience Management,https://www.percussion.com/
paper thin,http://www.paperthin.com/,@commonspot,"Boston, MA",Web Content/Experience Management,Backbone Platforms,MarTech - Backbone Platforms - Web Content/Experience Management,http://www.paperthin.com/
bridgline digital,http://www.bridgelinedigital.com/,@Bridgeline,Cali,Web Content/Experience Management,Backbone Platforms,MarTech - Backbone Platforms - Web Content/Experience Management,http://www.bridgelinedigital.com/
kentico,http://www.kentico.com/,@Kentico,"Nashua, NH",Web Content/Experience Management,Backbone Platforms,MarTech - Backbone Platforms - Web Content/Experience Management,http://www.kentico.com/
neos,http://neos.typo3.org/,@TYPO3Neos,Unknown,Web Content/Experience Management,Backbone Platforms,MarTech - Backbone Platforms - Web Content/Experience Management,http://neos.typo3.org/
crownpeak,http://www.crownpeak.com/,@CrownPeak,"Los Angeles, CA",Web Content/Experience Management,Backbone Platforms,MarTech - Backbone Platforms - Web Content/Experience Management,http://www.crownpeak.com/
squiz,http://www.squiz.net/us,@SquizGlobal,"New York, NY",Web Content/Experience Management,Backbone Platforms,MarTech - Backbone Platforms - Web Content/Experience Management,http://www.squiz.net/us
monsoon commerce,http://www.monsooncommerce.com/,@monsooncommerce,"Portland, OR",E-Commerce,Backbone Platforms,MarTech - Backbone Platforms - E-Commerce,http://www.monsooncommerce.com/
volusion,http://www.volusion.com/,@Volusion,"Austin, TX",E-Commerce,Backbone Platforms,MarTech - Backbone Platforms - E-Commerce,http://www.volusion.com/
zoovy,http://www.zoovy.com/,@ZoovyInc,"Carlsbad,CA",E-Commerce,Backbone Platforms,MarTech - Backbone Platforms - E-Commerce,http://www.zoovy.com/
shopify,http://www.shopify.com/,@Shopify,"Ottawa, CAN",E-Commerce,Backbone Platforms,MarTech - Backbone Platforms - E-Commerce,http://www.shopify.com/
elasticpath,http://www.elasticpath.com/,@elasticpath,"Vancouver, CAN",E-Commerce,Backbone Platforms,MarTech - Backbone Platforms - E-Commerce,http://www.elasticpath.com/
foxycart,http://www.foxycart.com/,@foxycart,US,E-Commerce,Backbone Platforms,MarTech - Backbone Platforms - E-Commerce,http://www.foxycart.com/
bigcommerce,https://www.bigcommerce.com/,@Bigcommerce,"San Francisco, CA",E-Commerce,Backbone Platforms,MarTech - Backbone Platforms - E-Commerce,https://www.bigcommerce.com/
3dcart,http://www.3dcart.com/,@3dcart,"tamarac, FL",E-Commerce,Backbone Platforms,MarTech - Backbone Platforms - E-Commerce,http://www.3dcart.com/
demandware,http://www.demandware.com/,@Demandware,"Burlington, MA",E-Commerce,Backbone Platforms,MarTech - Backbone Platforms - E-Commerce,http://www.demandware.com/
intershop,http://www.intershop.com/,@intershop,"Essen, GER",E-Commerce,Backbone Platforms,MarTech - Backbone Platforms - E-Commerce,http://www.intershop.com/
ultracart,https://www.ultracart.com/,@UltraCart,Unknown,E-Commerce,Backbone Platforms,MarTech - Backbone Platforms - E-Commerce,https://www.ultracart.com/
lemonstand,https://lemonstand.com/,@LemonStand,"Vancouver, CAN",E-Commerce,Backbone Platforms,MarTech - Backbone Platforms - E-Commerce,https://lemonstand.com/
amazon,Amazon.com,@amazon,"Seattle, WA",E-Commerce,Backbone Platforms,MarTech - Backbone Platforms - E-Commerce,Amazon.com
nimblecommerce,http://www.nimblecommerce.com/,@nimblecommerce,"Silcon Valley, CA",E-Commerce,Backbone Platforms,MarTech - Backbone Platforms - E-Commerce,http://www.nimblecommerce.com/
miva,http://www.miva.com/,@miva,"San Diego, CA",E-Commerce,Backbone Platforms,MarTech - Backbone Platforms - E-Commerce,http://www.miva.com/
nexternal,https://www.nexternal.com/,@Nexternal,"Carlsbad,CA",E-Commerce,Backbone Platforms,MarTech - Backbone Platforms - E-Commerce,https://www.nexternal.com/
avangate,http://www.avangate.com/,@avangate,"Redwood Shores, CA",E-Commerce,Backbone Platforms,MarTech - Backbone Platforms - E-Commerce,http://www.avangate.com/
hybris,http://www.hybris.com/en/,@hybris_software,"New York, NY",E-Commerce,Backbone Platforms,MarTech - Backbone Platforms - E-Commerce,http://www.hybris.com/en/
znode,http://www.znode.com/,@Znode,US,E-Commerce,Backbone Platforms,MarTech - Backbone Platforms - E-Commerce,http://www.znode.com/
goecart,http://www.goecart.com/,@GoECart,"Bridgeport, CT",E-Commerce,Backbone Platforms,MarTech - Backbone Platforms - E-Commerce,http://www.goecart.com/
abilitycommerce,http://www.abilitycommerce.com/,@abilitycommerce,"Delray Beach, FL",E-Commerce,Backbone Platforms,MarTech - Backbone Platforms - E-Commerce,http://www.abilitycommerce.com/
erply,http://erply.com/,@erply,"New York, NY",E-Commerce,Backbone Platforms,MarTech - Backbone Platforms - E-Commerce,http://erply.com/
pinnacleCart,https://www.pinnaclecart.com/,@pinnaclecart,"Phoenix, AZ",E-Commerce,Backbone Platforms,MarTech - Backbone Platforms - E-Commerce,https://www.pinnaclecart.com/
magento,http://magento.com/,@magento,"Los Angeles, CA",E-Commerce,Backbone Platforms,MarTech - Backbone Platforms - E-Commerce,http://magento.com/
spree,https://spreecommerce.com/,@spreecommerce,"Bethesda, MD",E-Commerce,Backbone Platforms,MarTech - Backbone Platforms - E-Commerce,https://spreecommerce.com/
mozu,https://www.mozu.com/,@MozuCommerce,"Austin, TX",E-Commerce,Backbone Platforms,MarTech - Backbone Platforms - E-Commerce,https://www.mozu.com/
goodsie,http://goodsie.com/,@goodsiesupport,Unknown,E-Commerce,Backbone Platforms,MarTech - Backbone Platforms - E-Commerce,http://goodsie.com/
reaction commerce,https://reactioncommerce.com/,@getreaction,"Los Angeles, CA",E-Commerce,Backbone Platforms,MarTech - Backbone Platforms - E-Commerce,https://reactioncommerce.com/
cs.cart,http://www.cs-cart.com/,@cscart,RUS,E-Commerce,Backbone Platforms,MarTech - Backbone Platforms - E-Commerce,http://www.cs-cart.com/
jigoshop,https://www.jigoshop.com/,@Jigoshop,"Sevenoaks, UK",E-Commerce,Backbone Platforms,MarTech - Backbone Platforms - E-Commerce,https://www.jigoshop.com/
broadleaf commerce,http://www.broadleafcommerce.com/,@broadleaf,"Dallas, TX",E-Commerce,Backbone Platforms,MarTech - Backbone Platforms - E-Commerce,http://www.broadleafcommerce.com/
xcart,http://www.x-cart.com/,@x_cart,RUS,E-Commerce,Backbone Platforms,MarTech - Backbone Platforms - E-Commerce,http://www.x-cart.com/
marketlive,http://www.marketlive.com/,@MarketLiveInc,"Petaluma, CA",E-Commerce,Backbone Platforms,MarTech - Backbone Platforms - E-Commerce,http://www.marketlive.com/
virto commerce,http://virtocommerce.com/,@VirtoCommerce,"Los Angeles, CA",E-Commerce,Backbone Platforms,MarTech - Backbone Platforms - E-Commerce,http://virtocommerce.com/
uniteu,http://www.uniteu.com/#&panel1-1,@uniteucommerce,Unknown,E-Commerce,Backbone Platforms,MarTech - Backbone Platforms - E-Commerce,http://www.uniteu.com/#&panel1-1
woo commerce,http://www.woothemes.com/woocommerce/,@WooThemes,Unknown,E-Commerce,Backbone Platforms,MarTech - Backbone Platforms - E-Commerce,http://www.woothemes.com/woocommerce/
speed commerce,http://www.speedcommerce.com/,@SpeedCommerce,"Dallas, TX",E-Commerce,Backbone Platforms,MarTech - Backbone Platforms - E-Commerce,http://www.speedcommerce.com/
shopVisible,http://www.shopvisible.com/,@ShopVisible,"Atlanta, GA",E-Commerce,Backbone Platforms,MarTech - Backbone Platforms - E-Commerce,http://www.shopvisible.com/
core sense,http://www.coresense.com/,@CORESenseInc,"Saratoga Springs, NY",E-Commerce,Backbone Platforms,MarTech - Backbone Platforms - E-Commerce,http://www.coresense.com/
mobify,http://www.mobify.com/,@mobify,"Vancouver, CAN",E-Commerce,Backbone Platforms,MarTech - Backbone Platforms - E-Commerce,http://www.mobify.com/
jagged peak,http://www.jaggedpeak.com/,@JaggedPeakInc,"Tampa, FL",E-Commerce,Backbone Platforms,MarTech - Backbone Platforms - E-Commerce,http://www.jaggedpeak.com/
dukapress,http://dukapress.org/,@dukapress,Nairobi,E-Commerce,Backbone Platforms,MarTech - Backbone Platforms - E-Commerce,http://dukapress.org/
venda,http://www.venda.com/,@NetSuite,"San Mateo, CA",E-Commerce,Backbone Platforms,MarTech - Backbone Platforms - E-Commerce,http://www.venda.com/
highwire,http://www.highwire.com/,@highwire,Unknown,E-Commerce,Backbone Platforms,MarTech - Backbone Platforms - E-Commerce,http://www.highwire.com/
nuorder,http://www.nuorder.com/,@NuORDER_,"Los Angeles, CA",E-Commerce,Backbone Platforms,MarTech - Backbone Platforms - E-Commerce,http://www.nuorder.com/
order dynamics,http://www.orderdynamics.com/,@OrderDynamics,"London, UK",E-Commerce,Backbone Platforms,MarTech - Backbone Platforms - E-Commerce,http://www.orderdynamics.com/
fast spring,http://www.fastspring.com/,@FastSpring,"Santa Babara, CA",E-Commerce,Backbone Platforms,MarTech - Backbone Platforms - E-Commerce,http://www.fastspring.com/
ebay enterprise,http://www.ebayenterprise.com/,@eBayEnterprise,"King of Prussia, PA",E-Commerce,Backbone Platforms,MarTech - Backbone Platforms - E-Commerce,http://www.ebayenterprise.com/
digital river,http://www.digitalriver.com/,@DigitalRiverInc,"Minneapolis, MN",E-Commerce,Backbone Platforms,MarTech - Backbone Platforms - E-Commerce,http://www.digitalriver.com/
cleverbridge,http://www.cleverbridge.com/corporate/,@cleverbridge,"Chicago, IL",E-Commerce,Backbone Platforms,MarTech - Backbone Platforms - E-Commerce,http://www.cleverbridge.com/corporate/
